timestamp	vmim	phase	vmi
2026-09-20T22:11:33,235398495+08:00	kubevirt-workload-update-76q6g	Pending	migration-aux1
2026-09-20T22:11:33,330126782+08:00	kubevirt-workload-update-mgrch	Scheduling	migration-aux2
2026-09-20T22:11:35,427050634+08:00	kubevirt-workload-update-76q6g	Pending	migration-aux1
2026-09-20T22:11:35,529679304+08:00	kubevirt-workload-update-mgrch	Scheduling	migration-aux2
2026-09-20T22:11:37,628362181+08:00	kubevirt-workload-update-76q6g	Pending	migration-aux1
2026-09-20T22:11:37,726037735+08:00	kubevirt-workload-update-mgrch	PreparingTarget	migration-aux2
2026-09-20T22:11:39,835535779+08:00	kubevirt-workload-update-76q6g	Pending	migration-aux1
2026-09-20T22:11:39,945697191+08:00	kubevirt-workload-update-mgrch	Succeeded	migration-aux2
2026-09-20T22:11:42,041231084+08:00	kubevirt-workload-update-76q6g	Scheduling	migration-aux1
2026-09-20T22:11:42,136499982+08:00	kubevirt-workload-update-mgrch	Succeeded	migration-aux2
2026-09-20T22:11:44,232751785+08:00	kubevirt-workload-update-76q6g	Scheduling	migration-aux1
2026-09-20T22:11:44,327765131+08:00	kubevirt-workload-update-mgrch	Succeeded	migration-aux2
2026-09-20T22:11:46,422803411+08:00	kubevirt-workload-update-76q6g	Running	migration-aux1
2026-09-20T22:11:46,523459578+08:00	kubevirt-workload-update-mgrch	Succeeded	migration-aux2
2026-09-20T22:11:48,626148972+08:00	kubevirt-workload-update-76q6g	Succeeded	migration-aux1
2026-09-20T22:11:48,728328219+08:00	kubevirt-workload-update-mgrch	Succeeded	migration-aux2
