timestamp	phase	mode	node	policy
2026-09-20T21:58:32,922527665+08:00	Scheduling		kv-migration-params-worker
2026-09-20T21:58:35,136626602+08:00	Scheduling		kv-migration-params-worker
2026-09-20T21:58:37,346393853+08:00	Running	PreCopy	kv-migration-params-worker	41-pause-complete
2026-09-20T21:58:39,546651371+08:00	Running	PreCopy	kv-migration-params-worker	41-pause-complete
2026-09-20T21:58:41,749097696+08:00	Running	PreCopy	kv-migration-params-worker	41-pause-complete
2026-09-20T21:58:43,964592624+08:00	Running	PreCopy	kv-migration-params-worker	41-pause-complete
2026-09-20T21:58:46,167040462+08:00	Running	PreCopy	kv-migration-params-worker	41-pause-complete
2026-09-20T21:58:48,374668523+08:00	Running	PreCopy	kv-migration-params-worker	41-pause-complete
2026-09-20T21:58:50,579048084+08:00	Running	PreCopy	kv-migration-params-worker	41-pause-complete
2026-09-20T21:58:52,787243800+08:00	Running	PreCopy	kv-migration-params-worker	41-pause-complete
2026-09-20T21:58:54,985648839+08:00	Running	PreCopy	kv-migration-params-worker	41-pause-complete
2026-09-20T21:58:57,185886688+08:00	Running	PreCopy	kv-migration-params-worker	41-pause-complete
2026-09-20T21:58:59,382871689+08:00	Running	Paused	kv-migration-params-worker	41-pause-complete
2026-09-20T21:59:01,581368068+08:00	Running	Paused	kv-migration-params-worker	41-pause-complete
2026-09-20T21:59:03,776601449+08:00	Running	Paused	kv-migration-params-worker	41-pause-complete
2026-09-20T21:59:05,975441422+08:00	Running	Paused	kv-migration-params-worker	41-pause-complete
2026-09-20T21:59:08,178449320+08:00	Running	Paused	kv-migration-params-worker	41-pause-complete
2026-09-20T21:59:10,382150509+08:00	Succeeded	Paused	kv-migration-params-worker2	41-pause-complete
